customerID,region,contractLength,weeklyVolume,basePricePerItem,discountRate,finalWeeklyPrice,churned
CUST0000,South,36,102,7.0,0.15,606.9,False
CUST0001,Midwest,24,84,7.5,0.1,567.0,False
CUST0002,Northeast,36,113,8.0,0.15,768.4,False
CUST0003,West,12,31,8.5,0.05,250.325,True
CUST0004,Northeast,6,68,8.0,0.0,544.0,False
CUST0005,South,12,199,7.0,0.15,1184.05,False
CUST0006,South,36,64,7.0,0.1,403.2,False
CUST0007,South,6,82,7.0,0.0,574.0,True
CUST0008,West,6,69,8.5,0.0,586.5,True
CUST0009,Midwest,36,101,7.5,0.15,643.875,False
CUST0010,South,36,17,7.0,0.1,107.10000000000001,False
CUST0011,Midwest,12,115,7.5,0.15,733.125,False
CUST0012,Northeast,24,155,8.0,0.2,992.0,False
CUST0013,West,12,199,8.5,0.15,1437.7749999999999,True
CUST0014,West,6,91,8.5,0.0,773.5,False
CUST0015,West,36,50,8.5,0.1,382.5,False
CUST0016,Northeast,6,98,8.0,0.0,784.0,False
CUST0017,Northeast,24,14,8.0,0.1,100.8,False
CUST0018,Midwest,6,37,7.5,0.0,277.5,True
CUST0019,West,24,160,8.5,0.2,1088.0,False
CUST0020,Northeast,24,181,8.0,0.2,1158.4,False
CUST0021,Northeast,24,140,8.0,0.15,952.0,False
CUST0022,Midwest,24,151,7.5,0.2,906.0,False
CUST0023,Midwest,36,188,7.5,0.2,1128.0,True
CUST0024,South,6,61,7.0,0.0,427.0,True
CUST0025,South,6,152,7.0,0.15,904.4,False
CUST0026,West,6,169,8.5,0.15,1221.0249999999999,False
CUST0027,Midwest,6,71,7.5,0.0,532.5,False
CUST0028,Midwest,36,37,7.5,0.1,249.75,False
CUST0029,West,12,101,8.5,0.15,729.725,False
CUST0030,Midwest,6,138,7.5,0.15,879.75,False
CUST0031,Northeast,24,112,8.0,0.15,761.6,False
CUST0032,South,6,71,7.0,0.0,497.0,True
CUST0033,South,24,127,7.0,0.15,755.65,False
CUST0034,West,6,189,8.5,0.15,1365.5249999999999,False
CUST0035,Midwest,24,139,7.5,0.15,886.125,False
CUST0036,Northeast,6,193,8.0,0.15,1312.3999999999999,False
CUST0037,Midwest,24,138,7.5,0.15,879.75,False
CUST0038,Midwest,6,181,7.5,0.15,1153.875,False
CUST0039,South,24,193,7.0,0.2,1080.8,False
CUST0040,South,12,33,7.0,0.05,219.45,False
CUST0041,South,36,153,7.0,0.2,856.8000000000001,False
CUST0042,West,24,79,8.5,0.1,604.35,False
CUST0043,West,24,99,8.5,0.1,757.35,False
CUST0044,South,36,105,7.0,0.15,624.75,False
CUST0045,South,36,194,7.0,0.2,1086.4,False
CUST0046,South,24,51,7.0,0.1,321.3,False
CUST0047,Northeast,36,69,8.0,0.1,496.8,False
CUST0048,Northeast,36,149,8.0,0.15,1013.1999999999999,True
CUST0049,Northeast,24,156,8.0,0.2,998.4000000000001,False
CUST0050,South,36,161,7.0,0.2,901.6,False
CUST0051,Northeast,36,173,8.0,0.2,1107.2,False
CUST0052,West,12,121,8.5,0.15,874.225,True
CUST0053,West,12,91,8.5,0.05,734.8249999999999,False
CUST0054,South,36,198,7.0,0.2,1108.8,False
CUST0055,Northeast,36,157,8.0,0.2,1004.8000000000001,False
CUST0056,West,24,154,8.5,0.2,1047.2,False
CUST0057,Midwest,24,31,7.5,0.1,209.25,False
CUST0058,Midwest,12,118,7.5,0.15,752.25,False
CUST0059,Northeast,12,106,8.0,0.15,720.8,False
CUST0060,West,6,70,8.5,0.0,595.0,False
CUST0061,West,6,181,8.5,0.15,1307.725,False
CUST0062,Northeast,12,126,8.0,0.15,856.8,False
CUST0063,Northeast,6,55,8.0,0.0,440.0,False
CUST0064,South,36,125,7.0,0.15,743.75,False
CUST0065,West,24,137,8.5,0.15,989.8249999999999,False
CUST0066,Midwest,24,63,7.5,0.1,425.25,True
CUST0067,West,24,95,8.5,0.1,726.75,False
CUST0068,South,24,139,7.0,0.15,827.05,True
CUST0069,Midwest,36,48,7.5,0.1,324.0,False
CUST0070,South,12,108,7.0,0.15,642.6,True
CUST0071,South,6,45,7.0,0.0,315.0,False
CUST0072,Northeast,36,153,8.0,0.2,979.2,False
CUST0073,South,12,60,7.0,0.05,399.0,False
CUST0074,South,12,134,7.0,0.15,797.3,True
CUST0075,Midwest,12,24,7.5,0.05,171.0,False
CUST0076,West,6,17,8.5,0.0,144.5,False
CUST0077,West,12,118,8.5,0.15,852.55,True
CUST0078,Midwest,24,108,7.5,0.15,688.5,False
CUST0079,West,12,167,8.5,0.15,1206.575,True
CUST0080,West,24,28,8.5,0.1,214.20000000000002,True
CUST0081,Northeast,12,32,8.0,0.05,243.2,False
CUST0082,West,6,138,8.5,0.15,997.05,True
CUST0083,Midwest,12,57,7.5,0.05,406.125,True
CUST0084,Northeast,6,138,8.0,0.15,938.4,False
CUST0085,West,12,153,8.5,0.15,1105.425,True
CUST0086,Midwest,6,38,7.5,0.0,285.0,True
CUST0087,West,6,48,8.5,0.0,408.0,True
CUST0088,Midwest,12,110,7.5,0.15,701.25,False
CUST0089,Midwest,36,147,7.5,0.15,937.125,False
CUST0090,Midwest,36,10,7.5,0.1,67.5,False
CUST0091,West,24,11,8.5,0.1,84.15,True
CUST0092,West,36,93,8.5,0.1,711.45,False
CUST0093,Northeast,6,188,8.0,0.15,1278.3999999999999,False
CUST0094,West,24,74,8.5,0.1,566.1,True
CUST0095,West,6,163,8.5,0.15,1177.675,False
CUST0096,Midwest,12,124,7.5,0.15,790.5,False
CUST0097,Northeast,24,166,8.0,0.2,1062.4,True
CUST0098,Northeast,6,173,8.0,0.15,1176.3999999999999,False
CUST0099,Northeast,24,45,8.0,0.1,324.0,False
CUST0100,South,36,161,7.0,0.2,901.6,False
CUST0101,South,6,32,7.0,0.0,224.0,False
CUST0102,Northeast,12,26,8.0,0.05,197.6,False
CUST0103,Northeast,24,28,8.0,0.1,201.6,True
CUST0104,West,6,156,8.5,0.15,1127.1,False
CUST0105,West,36,92,8.5,0.1,703.8000000000001,False
CUST0106,West,6,78,8.5,0.0,663.0,False
CUST0107,West,6,160,8.5,0.15,1156.0,False
CUST0108,South,6,190,7.0,0.15,1130.5,False
CUST0109,Northeast,24,84,8.0,0.1,604.8000000000001,True
CUST0110,West,6,83,8.5,0.0,705.5,False
CUST0111,Midwest,6,177,7.5,0.15,1128.375,True
CUST0112,Midwest,24,131,7.5,0.15,835.125,False
CUST0113,West,36,118,8.5,0.15,852.55,False
CUST0114,West,6,80,8.5,0.0,680.0,False
CUST0115,Midwest,24,100,7.5,0.1,675.0,False
CUST0116,South,24,135,7.0,0.15,803.25,False
CUST0117,Midwest,36,70,7.5,0.1,472.5,False
CUST0118,South,6,140,7.0,0.15,833.0,False
CUST0119,Northeast,6,65,8.0,0.0,520.0,False
CUST0120,Northeast,12,67,8.0,0.05,509.2,True
CUST0121,South,24,29,7.0,0.1,182.70000000000002,True
CUST0122,South,6,58,7.0,0.0,406.0,False
CUST0123,Midwest,24,153,7.5,0.2,918.0,False
CUST0124,South,36,83,7.0,0.1,522.9,False
CUST0125,West,36,99,8.5,0.1,757.35,False
CUST0126,West,12,37,8.5,0.05,298.775,False
CUST0127,West,36,166,8.5,0.2,1128.8,True
CUST0128,South,6,143,7.0,0.15,850.85,False
CUST0129,Midwest,24,118,7.5,0.15,752.25,True
CUST0130,West,6,127,8.5,0.15,917.5749999999999,False
CUST0131,Midwest,24,36,7.5,0.1,243.0,False
CUST0132,Northeast,12,114,8.0,0.15,775.1999999999999,True
CUST0133,Midwest,36,104,7.5,0.15,663.0,False
CUST0134,South,6,32,7.0,0.0,224.0,False
CUST0135,Midwest,6,60,7.5,0.0,450.0,True
CUST0136,West,12,122,8.5,0.15,881.4499999999999,False
CUST0137,Midwest,36,63,7.5,0.1,425.25,False
CUST0138,Midwest,12,66,7.5,0.05,470.25,False
CUST0139,Northeast,6,151,8.0,0.15,1026.8,False
CUST0140,South,24,175,7.0,0.2,980.0,False
CUST0141,Midwest,12,88,7.5,0.05,627.0,False
CUST0142,South,12,61,7.0,0.05,405.65,False
CUST0143,Midwest,24,115,7.5,0.15,733.125,False
CUST0144,Northeast,6,141,8.0,0.15,958.8,False
CUST0145,West,36,78,8.5,0.1,596.7,False
CUST0146,Northeast,12,135,8.0,0.15,918.0,True
CUST0147,Northeast,24,192,8.0,0.2,1228.8000000000002,False
CUST0148,South,12,153,7.0,0.15,910.35,False
CUST0149,South,36,164,7.0,0.2,918.4000000000001,False
CUST0150,Midwest,6,131,7.5,0.15,835.125,False
CUST0151,Midwest,6,31,7.5,0.0,232.5,True
CUST0152,Northeast,6,21,8.0,0.0,168.0,False
CUST0153,Northeast,24,82,8.0,0.1,590.4,True
CUST0154,South,6,65,7.0,0.0,455.0,False
CUST0155,Northeast,24,189,8.0,0.2,1209.6000000000001,False
CUST0156,South,36,23,7.0,0.1,144.9,False
CUST0157,Northeast,12,23,8.0,0.05,174.79999999999998,True
CUST0158,South,24,12,7.0,0.1,75.60000000000001,False
CUST0159,Northeast,12,47,8.0,0.05,357.2,False
CUST0160,South,36,128,7.0,0.15,761.6,False
CUST0161,South,12,135,7.0,0.15,803.25,True
CUST0162,Northeast,6,34,8.0,0.0,272.0,False
CUST0163,South,36,120,7.0,0.15,714.0,False
CUST0164,South,36,177,7.0,0.2,991.2,False
CUST0165,Midwest,36,35,7.5,0.1,236.25,False
CUST0166,South,36,68,7.0,0.1,428.40000000000003,False
CUST0167,Midwest,6,79,7.5,0.0,592.5,True
CUST0168,West,12,84,8.5,0.05,678.3,False
CUST0169,South,12,127,7.0,0.15,755.65,True
CUST0170,West,12,188,8.5,0.15,1358.3,False
CUST0171,Midwest,24,182,7.5,0.2,1092.0,False
CUST0172,Midwest,12,127,7.5,0.15,809.625,False
CUST0173,West,24,10,8.5,0.1,76.5,False
CUST0174,West,12,46,8.5,0.05,371.45,True
CUST0175,South,6,143,7.0,0.15,850.85,False
CUST0176,Midwest,6,160,7.5,0.15,1020.0,False
CUST0177,West,6,72,8.5,0.0,612.0,False
CUST0178,Northeast,6,152,8.0,0.15,1033.6,False
CUST0179,Northeast,6,71,8.0,0.0,568.0,False
CUST0180,Midwest,12,126,7.5,0.15,803.25,True
CUST0181,South,6,49,7.0,0.0,343.0,False
CUST0182,West,36,102,8.5,0.15,736.9499999999999,False
CUST0183,Midwest,24,174,7.5,0.2,1044.0,False
CUST0184,South,12,163,7.0,0.15,969.85,False
CUST0185,Midwest,36,81,7.5,0.1,546.75,False
CUST0186,Midwest,36,188,7.5,0.2,1128.0,False
CUST0187,Northeast,6,154,8.0,0.15,1047.2,False
CUST0188,South,12,62,7.0,0.05,412.29999999999995,True
CUST0189,Midwest,24,144,7.5,0.15,918.0,False
CUST0190,Midwest,36,24,7.5,0.1,162.0,False
CUST0191,South,36,166,7.0,0.2,929.6,True
CUST0192,Northeast,6,164,8.0,0.15,1115.2,False
CUST0193,Northeast,12,47,8.0,0.05,357.2,False
CUST0194,South,36,118,7.0,0.15,702.1,False
CUST0195,Northeast,6,56,8.0,0.0,448.0,False
CUST0196,Northeast,12,164,8.0,0.15,1115.2,False
CUST0197,South,24,78,7.0,0.1,491.40000000000003,False
CUST0198,Midwest,12,113,7.5,0.15,720.375,False
CUST0199,Midwest,24,149,7.5,0.15,949.875,False
CUST0200,West,12,120,8.5,0.15,867.0,True
CUST0201,West,36,142,8.5,0.15,1025.95,False
CUST0202,West,24,115,8.5,0.15,830.875,True
CUST0203,South,6,49,7.0,0.0,343.0,False
CUST0204,South,24,10,7.0,0.1,63.0,False
CUST0205,Northeast,6,146,8.0,0.15,992.8,True
CUST0206,Northeast,6,163,8.0,0.15,1108.3999999999999,False
CUST0207,South,12,139,7.0,0.15,827.05,False
CUST0208,South,12,100,7.0,0.05,665.0,False
CUST0209,South,12,161,7.0,0.15,957.9499999999999,False
CUST0210,West,12,97,8.5,0.05,783.275,True
CUST0211,Midwest,36,123,7.5,0.15,784.125,False
CUST0212,South,6,93,7.0,0.0,651.0,False
CUST0213,South,6,113,7.0,0.15,672.35,False
CUST0214,Northeast,36,150,8.0,0.15,1020.0,False
CUST0215,Midwest,36,167,7.5,0.2,1002.0,False
CUST0216,Northeast,6,39,8.0,0.0,312.0,True
CUST0217,South,24,122,7.0,0.15,725.9,False
CUST0218,Midwest,24,72,7.5,0.1,486.0,True
CUST0219,South,36,19,7.0,0.1,119.7,False
CUST0220,Midwest,12,133,7.5,0.15,847.875,True
CUST0221,South,24,81,7.0,0.1,510.3,True
CUST0222,South,6,76,7.0,0.0,532.0,False
CUST0223,South,36,97,7.0,0.1,611.1,False
CUST0224,West,12,153,8.5,0.15,1105.425,True
CUST0225,South,24,185,7.0,0.2,1036.0,True
CUST0226,Midwest,24,170,7.5,0.2,1020.0,False
CUST0227,Midwest,6,56,7.5,0.0,420.0,False
CUST0228,South,12,139,7.0,0.15,827.05,False
CUST0229,Northeast,12,146,8.0,0.15,992.8,False
CUST0230,West,24,95,8.5,0.1,726.75,False
CUST0231,South,12,137,7.0,0.15,815.15,True
CUST0232,Midwest,24,23,7.5,0.1,155.25,False
CUST0233,Northeast,12,31,8.0,0.05,235.6,False
CUST0234,West,12,195,8.5,0.15,1408.875,False
CUST0235,Midwest,12,137,7.5,0.15,873.375,True
CUST0236,West,6,175,8.5,0.15,1264.375,False
CUST0237,West,24,126,8.5,0.15,910.35,True
CUST0238,Northeast,24,66,8.0,0.1,475.2,True
CUST0239,Northeast,6,62,8.0,0.0,496.0,True
CUST0240,Northeast,6,163,8.0,0.15,1108.3999999999999,False
CUST0241,Midwest,36,63,7.5,0.1,425.25,False
CUST0242,South,6,45,7.0,0.0,315.0,False
CUST0243,South,24,63,7.0,0.1,396.90000000000003,False
CUST0244,South,36,159,7.0,0.2,890.4000000000001,True
CUST0245,West,24,90,8.5,0.1,688.5,False
CUST0246,Northeast,24,163,8.0,0.2,1043.2,False
CUST0247,Northeast,6,70,8.0,0.0,560.0,False
CUST0248,Midwest,6,48,7.5,0.0,360.0,False
CUST0249,Northeast,12,66,8.0,0.05,501.59999999999997,False
CUST0250,South,36,71,7.0,0.1,447.3,False
CUST0251,West,12,34,8.5,0.05,274.55,False
CUST0252,West,24,68,8.5,0.1,520.2,True
CUST0253,Northeast,24,146,8.0,0.15,992.8,True
CUST0254,West,12,68,8.5,0.05,549.1,False
CUST0255,South,24,155,7.0,0.2,868.0,False
CUST0256,South,6,23,7.0,0.0,161.0,True
CUST0257,Midwest,24,46,7.5,0.1,310.5,False
CUST0258,Midwest,24,117,7.5,0.15,745.875,False
CUST0259,Midwest,6,150,7.5,0.15,956.25,False
CUST0260,West,6,179,8.5,0.15,1293.2749999999999,False
CUST0261,Midwest,12,22,7.5,0.05,156.75,False
CUST0262,West,36,132,8.5,0.15,953.6999999999999,False
CUST0263,Northeast,36,193,8.0,0.2,1235.2,False
CUST0264,Northeast,12,167,8.0,0.15,1135.6,False
CUST0265,Midwest,6,12,7.5,0.0,90.0,False
CUST0266,West,12,77,8.5,0.05,621.775,True
CUST0267,Northeast,12,82,8.0,0.05,623.1999999999999,True
CUST0268,Northeast,36,149,8.0,0.15,1013.1999999999999,False
CUST0269,South,12,97,7.0,0.05,645.05,False
CUST0270,Northeast,12,162,8.0,0.15,1101.6,False
CUST0271,Northeast,24,63,8.0,0.1,453.6,False
CUST0272,Northeast,12,83,8.0,0.05,630.8,True
CUST0273,Midwest,24,129,7.5,0.15,822.375,False
CUST0274,Northeast,12,56,8.0,0.05,425.59999999999997,False
CUST0275,Northeast,6,132,8.0,0.15,897.6,False
CUST0276,Midwest,12,71,7.5,0.05,505.875,False
CUST0277,Northeast,6,77,8.0,0.0,616.0,False
CUST0278,Midwest,24,114,7.5,0.15,726.75,False
CUST0279,South,6,85,7.0,0.0,595.0,True
CUST0280,South,36,34,7.0,0.1,214.20000000000002,False
CUST0281,South,12,81,7.0,0.05,538.65,False
CUST0282,West,12,155,8.5,0.15,1119.875,False
CUST0283,West,6,71,8.5,0.0,603.5,False
CUST0284,Midwest,24,65,7.5,0.1,438.75,False
CUST0285,Northeast,12,156,8.0,0.15,1060.8,False
CUST0286,West,6,68,8.5,0.0,578.0,False
CUST0287,Northeast,6,179,8.0,0.15,1217.2,True
CUST0288,South,12,197,7.0,0.15,1172.1499999999999,False
CUST0289,Midwest,24,168,7.5,0.2,1008.0,True
CUST0290,Midwest,12,86,7.5,0.05,612.75,True
CUST0291,Midwest,24,122,7.5,0.15,777.75,False
CUST0292,West,24,107,8.5,0.15,773.0749999999999,False
CUST0293,Midwest,24,167,7.5,0.2,1002.0,True
CUST0294,Northeast,36,72,8.0,0.1,518.4,False
CUST0295,Midwest,36,157,7.5,0.2,942.0,False
CUST0296,Midwest,36,26,7.5,0.1,175.5,False
CUST0297,Midwest,12,129,7.5,0.15,822.375,True
CUST0298,Midwest,12,184,7.5,0.15,1173.0,True
CUST0299,South,6,143,7.0,0.15,850.85,False
CUST0300,West,24,67,8.5,0.1,512.5500000000001,True
CUST0301,Northeast,24,24,8.0,0.1,172.8,False
CUST0302,Northeast,24,125,8.0,0.15,850.0,True
CUST0303,South,24,90,7.0,0.1,567.0,False
CUST0304,West,36,30,8.5,0.1,229.5,False
CUST0305,Midwest,24,171,7.5,0.2,1026.0,False
CUST0306,West,6,34,8.5,0.0,289.0,False
CUST0307,South,36,69,7.0,0.1,434.7,True
CUST0308,Northeast,6,62,8.0,0.0,496.0,False
CUST0309,South,24,102,7.0,0.15,606.9,True
CUST0310,Northeast,36,69,8.0,0.1,496.8,True
CUST0311,Northeast,12,185,8.0,0.15,1258.0,False
CUST0312,South,12,126,7.0,0.15,749.6999999999999,False
CUST0313,Northeast,36,30,8.0,0.1,216.0,True
CUST0314,West,12,119,8.5,0.15,859.775,False
CUST0315,Northeast,36,20,8.0,0.1,144.0,False
CUST0316,West,6,154,8.5,0.15,1112.6499999999999,True
CUST0317,Midwest,12,101,7.5,0.15,643.875,False
CUST0318,Midwest,36,169,7.5,0.2,1014.0,True
CUST0319,Northeast,36,163,8.0,0.2,1043.2,False
CUST0320,Midwest,12,112,7.5,0.15,714.0,False
CUST0321,Midwest,24,181,7.5,0.2,1086.0,True
CUST0322,South,6,132,7.0,0.15,785.4,False
CUST0323,West,36,187,8.5,0.2,1271.6000000000001,False
CUST0324,West,12,120,8.5,0.15,867.0,False
CUST0325,Midwest,24,12,7.5,0.1,81.0,True
CUST0326,West,12,23,8.5,0.05,185.725,False
CUST0327,Midwest,24,64,7.5,0.1,432.0,False
CUST0328,Northeast,36,128,8.0,0.15,870.4,False
CUST0329,Midwest,12,159,7.5,0.15,1013.625,False
CUST0330,West,6,68,8.5,0.0,578.0,False
CUST0331,Northeast,12,106,8.0,0.15,720.8,False
CUST0332,Northeast,12,168,8.0,0.15,1142.3999999999999,False
CUST0333,West,36,135,8.5,0.15,975.375,False
CUST0334,West,12,186,8.5,0.15,1343.85,True
CUST0335,Midwest,36,75,7.5,0.1,506.25,False
CUST0336,West,12,48,8.5,0.05,387.59999999999997,False
CUST0337,West,24,27,8.5,0.1,206.55,False
CUST0338,South,6,108,7.0,0.15,642.6,False
CUST0339,Midwest,36,23,7.5,0.1,155.25,False
CUST0340,South,6,78,7.0,0.0,546.0,True
CUST0341,Northeast,24,23,8.0,0.1,165.6,False
CUST0342,Northeast,36,139,8.0,0.15,945.1999999999999,False
CUST0343,West,12,172,8.5,0.15,1242.7,False
CUST0344,South,6,177,7.0,0.15,1053.1499999999999,False
CUST0345,South,24,19,7.0,0.1,119.7,True
CUST0346,Midwest,36,102,7.5,0.15,650.25,False
CUST0347,West,36,180,8.5,0.2,1224.0,False
CUST0348,Northeast,36,127,8.0,0.15,863.6,False
CUST0349,Northeast,36,53,8.0,0.1,381.6,False
CUST0350,South,24,143,7.0,0.15,850.85,False
CUST0351,Midwest,6,46,7.5,0.0,345.0,False
CUST0352,Northeast,6,128,8.0,0.15,870.4,True
CUST0353,Northeast,6,188,8.0,0.15,1278.3999999999999,True
CUST0354,Midwest,36,190,7.5,0.2,1140.0,True
CUST0355,Northeast,12,38,8.0,0.05,288.8,False
CUST0356,South,36,180,7.0,0.2,1008.0,True
CUST0357,West,12,54,8.5,0.05,436.04999999999995,True
CUST0358,Midwest,12,133,7.5,0.15,847.875,False
CUST0359,Northeast,24,95,8.0,0.1,684.0,False
CUST0360,Northeast,24,128,8.0,0.15,870.4,False
CUST0361,Northeast,12,145,8.0,0.15,986.0,False
CUST0362,Northeast,36,81,8.0,0.1,583.2,False
CUST0363,West,6,114,8.5,0.15,823.65,True
CUST0364,West,12,72,8.5,0.05,581.4,False
CUST0365,Northeast,6,86,8.0,0.0,688.0,True
CUST0366,South,36,107,7.0,0.15,636.65,False
CUST0367,Midwest,12,91,7.5,0.05,648.375,False
CUST0368,South,24,118,7.0,0.15,702.1,False
CUST0369,Northeast,6,152,8.0,0.15,1033.6,False
CUST0370,Midwest,24,152,7.5,0.2,912.0,False
CUST0371,Northeast,36,44,8.0,0.1,316.8,True
CUST0372,Midwest,24,108,7.5,0.15,688.5,False
CUST0373,Northeast,24,94,8.0,0.1,676.8000000000001,False
CUST0374,West,12,165,8.5,0.15,1192.125,False
CUST0375,West,36,24,8.5,0.1,183.6,False
CUST0376,South,12,55,7.0,0.05,365.75,False
CUST0377,South,36,30,7.0,0.1,189.0,False
CUST0378,South,12,87,7.0,0.05,578.55,False
CUST0379,South,6,165,7.0,0.15,981.75,False
CUST0380,West,12,173,8.5,0.15,1249.925,False
CUST0381,Midwest,6,103,7.5,0.15,656.625,True
CUST0382,South,36,83,7.0,0.1,522.9,False
CUST0383,Northeast,12,198,8.0,0.15,1346.3999999999999,True
CUST0384,West,36,127,8.5,0.15,917.5749999999999,True
CUST0385,Midwest,24,132,7.5,0.15,841.5,True
CUST0386,Midwest,12,30,7.5,0.05,213.75,True
CUST0387,Midwest,36,131,7.5,0.15,835.125,False
CUST0388,Midwest,36,161,7.5,0.2,966.0,False
CUST0389,Midwest,36,28,7.5,0.1,189.0,False
CUST0390,South,12,98,7.0,0.05,651.6999999999999,False
CUST0391,Midwest,6,184,7.5,0.15,1173.0,True
CUST0392,West,12,170,8.5,0.15,1228.25,True
CUST0393,South,24,169,7.0,0.2,946.4000000000001,False
CUST0394,Northeast,12,86,8.0,0.05,653.6,False
CUST0395,South,24,94,7.0,0.1,592.2,False
CUST0396,Midwest,12,134,7.5,0.15,854.25,False
CUST0397,West,12,28,8.5,0.05,226.1,False
CUST0398,Midwest,12,41,7.5,0.05,292.125,True
CUST0399,Northeast,36,140,8.0,0.15,952.0,False
CUST0400,Northeast,24,79,8.0,0.1,568.8000000000001,False
CUST0401,Midwest,36,14,7.5,0.1,94.5,True
CUST0402,West,6,17,8.5,0.0,144.5,False
CUST0403,Northeast,12,12,8.0,0.05,91.19999999999999,True
CUST0404,Midwest,24,181,7.5,0.2,1086.0,False
CUST0405,Midwest,36,17,7.5,0.1,114.75,False
CUST0406,Midwest,36,86,7.5,0.1,580.5,True
CUST0407,Midwest,12,167,7.5,0.15,1064.625,False
CUST0408,West,36,154,8.5,0.2,1047.2,False
CUST0409,South,36,127,7.0,0.15,755.65,False
CUST0410,West,36,117,8.5,0.15,845.3249999999999,True
CUST0411,Midwest,12,41,7.5,0.05,292.125,True
CUST0412,West,36,47,8.5,0.1,359.55,False
CUST0413,Northeast,6,11,8.0,0.0,88.0,False
CUST0414,Northeast,6,84,8.0,0.0,672.0,False
CUST0415,Midwest,24,15,7.5,0.1,101.25,False
CUST0416,South,24,95,7.0,0.1,598.5,False
CUST0417,Northeast,12,175,8.0,0.15,1190.0,False
CUST0418,South,12,167,7.0,0.15,993.65,True
CUST0419,Midwest,6,152,7.5,0.15,969.0,False
CUST0420,Midwest,24,139,7.5,0.15,886.125,False
CUST0421,Northeast,12,42,8.0,0.05,319.2,False
CUST0422,Midwest,6,119,7.5,0.15,758.625,False
CUST0423,Northeast,6,145,8.0,0.15,986.0,False
CUST0424,West,6,88,8.5,0.0,748.0,False
CUST0425,West,36,150,8.5,0.15,1083.75,False
CUST0426,West,12,69,8.5,0.05,557.175,False
CUST0427,South,24,14,7.0,0.1,88.2,False
CUST0428,Midwest,6,139,7.5,0.15,886.125,False
CUST0429,South,6,92,7.0,0.0,644.0,True
CUST0430,Northeast,6,165,8.0,0.15,1122.0,False
CUST0431,West,6,13,8.5,0.0,110.5,False
CUST0432,West,6,110,8.5,0.15,794.75,False
CUST0433,West,12,187,8.5,0.15,1351.075,True
CUST0434,West,24,71,8.5,0.1,543.15,False
CUST0435,Midwest,12,95,7.5,0.05,676.875,False
CUST0436,South,12,71,7.0,0.05,472.15,True
CUST0437,Midwest,24,67,7.5,0.1,452.25,True
CUST0438,Northeast,6,22,8.0,0.0,176.0,True
CUST0439,West,24,158,8.5,0.2,1074.4,False
CUST0440,South,6,35,7.0,0.0,245.0,False
CUST0441,Northeast,36,166,8.0,0.2,1062.4,False
CUST0442,Northeast,12,150,8.0,0.15,1020.0,False
CUST0443,West,6,106,8.5,0.15,765.85,False
CUST0444,Midwest,36,197,7.5,0.2,1182.0,False
CUST0445,West,24,186,8.5,0.2,1264.8000000000002,False
CUST0446,West,24,97,8.5,0.1,742.0500000000001,True
CUST0447,West,6,96,8.5,0.0,816.0,False
CUST0448,Northeast,24,161,8.0,0.2,1030.4,False
CUST0449,West,24,189,8.5,0.2,1285.2,False
CUST0450,South,24,37,7.0,0.1,233.1,False
CUST0451,Midwest,36,17,7.5,0.1,114.75,False
CUST0452,Midwest,24,121,7.5,0.15,771.375,False
CUST0453,Midwest,24,58,7.5,0.1,391.5,True
CUST0454,West,12,114,8.5,0.15,823.65,True
CUST0455,Midwest,12,158,7.5,0.15,1007.25,True
CUST0456,South,36,11,7.0,0.1,69.3,False
CUST0457,West,36,133,8.5,0.15,960.925,True
CUST0458,Midwest,24,26,7.5,0.1,175.5,False
CUST0459,Northeast,12,31,8.0,0.05,235.6,False
CUST0460,West,6,181,8.5,0.15,1307.725,False
CUST0461,South,12,41,7.0,0.05,272.65,False
CUST0462,South,6,21,7.0,0.0,147.0,False
CUST0463,Northeast,12,145,8.0,0.15,986.0,False
CUST0464,Midwest,24,160,7.5,0.2,960.0,False
CUST0465,South,6,31,7.0,0.0,217.0,False
CUST0466,Northeast,12,11,8.0,0.05,83.6,False
CUST0467,South,24,160,7.0,0.2,896.0,False
CUST0468,Northeast,12,180,8.0,0.15,1224.0,False
CUST0469,Midwest,24,32,7.5,0.1,216.0,False
CUST0470,South,36,120,7.0,0.15,714.0,False
CUST0471,Midwest,36,81,7.5,0.1,546.75,False
CUST0472,Northeast,24,141,8.0,0.15,958.8,False
CUST0473,South,6,19,7.0,0.0,133.0,False
CUST0474,Midwest,24,164,7.5,0.2,984.0,False
CUST0475,West,12,99,8.5,0.05,799.425,False
CUST0476,West,6,23,8.5,0.0,195.5,False
CUST0477,West,24,79,8.5,0.1,604.35,False
CUST0478,Northeast,12,141,8.0,0.15,958.8,False
CUST0479,Midwest,24,163,7.5,0.2,978.0,False
CUST0480,Northeast,12,112,8.0,0.15,761.6,True
CUST0481,South,24,13,7.0,0.1,81.9,False
CUST0482,South,36,89,7.0,0.1,560.7,True
CUST0483,West,12,167,8.5,0.15,1206.575,False
CUST0484,South,36,69,7.0,0.1,434.7,True
CUST0485,West,6,85,8.5,0.0,722.5,False
CUST0486,Midwest,6,168,7.5,0.15,1071.0,False
CUST0487,Midwest,24,122,7.5,0.15,777.75,False
CUST0488,Midwest,24,125,7.5,0.15,796.875,False
CUST0489,Northeast,6,13,8.0,0.0,104.0,False
CUST0490,South,24,152,7.0,0.2,851.2,False
CUST0491,Northeast,12,153,8.0,0.15,1040.3999999999999,True
CUST0492,West,6,147,8.5,0.15,1062.075,True
CUST0493,Northeast,24,179,8.0,0.2,1145.6000000000001,False
CUST0494,Midwest,24,78,7.5,0.1,526.5,False
CUST0495,Midwest,36,14,7.5,0.1,94.5,False
CUST0496,Midwest,36,135,7.5,0.15,860.625,False
CUST0497,Northeast,36,79,8.0,0.1,568.8000000000001,True
CUST0498,Midwest,36,117,7.5,0.15,745.875,False
CUST0499,West,6,167,8.5,0.15,1206.575,True
CUST0500,Midwest,12,95,7.5,0.05,676.875,False
CUST0501,West,12,89,8.5,0.05,718.675,False
CUST0502,South,12,79,7.0,0.05,525.35,True
CUST0503,West,12,116,8.5,0.15,838.1,True
CUST0504,West,12,170,8.5,0.15,1228.25,True
CUST0505,West,36,157,8.5,0.2,1067.6000000000001,True
CUST0506,West,24,158,8.5,0.2,1074.4,False
CUST0507,Northeast,6,67,8.0,0.0,536.0,False
CUST0508,Northeast,24,96,8.0,0.1,691.2,False
CUST0509,Northeast,6,137,8.0,0.15,931.6,False
CUST0510,Northeast,6,170,8.0,0.15,1156.0,True
CUST0511,South,12,42,7.0,0.05,279.3,False
CUST0512,Northeast,6,107,8.0,0.15,727.6,False
CUST0513,Northeast,6,107,8.0,0.15,727.6,True
CUST0514,Midwest,12,74,7.5,0.05,527.25,False
CUST0515,Northeast,12,83,8.0,0.05,630.8,False
CUST0516,West,24,134,8.5,0.15,968.15,False
CUST0517,Midwest,36,68,7.5,0.1,459.0,False
CUST0518,West,24,72,8.5,0.1,550.8000000000001,False
CUST0519,Midwest,24,77,7.5,0.1,519.75,False
CUST0520,Midwest,24,129,7.5,0.15,822.375,True
CUST0521,Midwest,24,134,7.5,0.15,854.25,False
CUST0522,Midwest,36,35,7.5,0.1,236.25,True
CUST0523,South,36,53,7.0,0.1,333.90000000000003,False
CUST0524,West,24,15,8.5,0.1,114.75,False
CUST0525,South,24,60,7.0,0.1,378.0,False
CUST0526,West,12,17,8.5,0.05,137.275,False
CUST0527,Northeast,36,64,8.0,0.1,460.8,False
CUST0528,South,36,113,7.0,0.15,672.35,False
CUST0529,Midwest,24,89,7.5,0.1,600.75,False
CUST0530,South,24,123,7.0,0.15,731.85,False
CUST0531,South,36,17,7.0,0.1,107.10000000000001,False
CUST0532,West,36,116,8.5,0.15,838.1,False
CUST0533,South,36,146,7.0,0.15,868.6999999999999,False
CUST0534,Midwest,24,25,7.5,0.1,168.75,True
CUST0535,Midwest,6,171,7.5,0.15,1090.125,True
CUST0536,Midwest,12,68,7.5,0.05,484.5,False
CUST0537,Midwest,12,135,7.5,0.15,860.625,True
CUST0538,South,6,18,7.0,0.0,126.0,False
CUST0539,West,6,148,8.5,0.15,1069.3,False
CUST0540,West,36,140,8.5,0.15,1011.5,False
CUST0541,West,36,199,8.5,0.2,1353.2,False
CUST0542,South,36,43,7.0,0.1,270.90000000000003,False
CUST0543,Northeast,24,185,8.0,0.2,1184.0,False
CUST0544,Northeast,6,117,8.0,0.15,795.6,False
CUST0545,West,6,25,8.5,0.0,212.5,True
CUST0546,South,36,165,7.0,0.2,924.0,False
CUST0547,Northeast,36,96,8.0,0.1,691.2,True
CUST0548,South,36,195,7.0,0.2,1092.0,False
CUST0549,South,6,126,7.0,0.15,749.6999999999999,False
CUST0550,West,12,154,8.5,0.15,1112.6499999999999,False
CUST0551,Midwest,24,143,7.5,0.15,911.625,False
CUST0552,South,24,100,7.0,0.1,630.0,False
CUST0553,Northeast,36,199,8.0,0.2,1273.6000000000001,False
CUST0554,Midwest,24,87,7.5,0.1,587.25,False
CUST0555,Midwest,12,111,7.5,0.15,707.625,False
CUST0556,West,6,92,8.5,0.0,782.0,False
CUST0557,Midwest,24,82,7.5,0.1,553.5,False
CUST0558,South,6,28,7.0,0.0,196.0,True
CUST0559,Midwest,6,73,7.5,0.0,547.5,False
CUST0560,West,6,151,8.5,0.15,1090.975,False
CUST0561,Midwest,6,77,7.5,0.0,577.5,False
CUST0562,Midwest,6,134,7.5,0.15,854.25,True
CUST0563,South,36,71,7.0,0.1,447.3,False
CUST0564,Midwest,36,44,7.5,0.1,297.0,False
CUST0565,Northeast,6,57,8.0,0.0,456.0,False
CUST0566,South,36,170,7.0,0.2,952.0,True
CUST0567,South,6,74,7.0,0.0,518.0,True
CUST0568,South,24,177,7.0,0.2,991.2,False
CUST0569,Northeast,24,35,8.0,0.1,252.0,False
CUST0570,Midwest,36,30,7.5,0.1,202.5,False
CUST0571,West,24,101,8.5,0.15,729.725,True
CUST0572,Midwest,36,182,7.5,0.2,1092.0,False
CUST0573,West,24,175,8.5,0.2,1190.0,True
CUST0574,Northeast,12,154,8.0,0.15,1047.2,False
CUST0575,South,36,115,7.0,0.15,684.25,False
CUST0576,Northeast,6,108,8.0,0.15,734.4,True
CUST0577,West,6,150,8.5,0.15,1083.75,False
CUST0578,Northeast,12,122,8.0,0.15,829.6,False
CUST0579,Northeast,36,71,8.0,0.1,511.2,False
CUST0580,Midwest,12,18,7.5,0.05,128.25,False
CUST0581,Northeast,24,68,8.0,0.1,489.6,False
CUST0582,Northeast,24,150,8.0,0.15,1020.0,False
CUST0583,South,12,54,7.0,0.05,359.09999999999997,False
CUST0584,West,24,85,8.5,0.1,650.25,True
CUST0585,Northeast,36,170,8.0,0.2,1088.0,False
CUST0586,South,36,17,7.0,0.1,107.10000000000001,True
CUST0587,West,12,155,8.5,0.15,1119.875,True
CUST0588,Midwest,6,136,7.5,0.15,867.0,False
CUST0589,West,36,122,8.5,0.15,881.4499999999999,True
CUST0590,Midwest,24,152,7.5,0.2,912.0,False
CUST0591,Midwest,12,60,7.5,0.05,427.5,False
CUST0592,Midwest,12,60,7.5,0.05,427.5,False
CUST0593,West,12,164,8.5,0.15,1184.8999999999999,False
CUST0594,Northeast,12,140,8.0,0.15,952.0,True
CUST0595,Midwest,36,172,7.5,0.2,1032.0,False
CUST0596,South,6,110,7.0,0.15,654.5,False
CUST0597,South,36,47,7.0,0.1,296.1,False
CUST0598,Midwest,24,155,7.5,0.2,930.0,False
CUST0599,Midwest,12,39,7.5,0.05,277.875,False
CUST0600,Midwest,36,165,7.5,0.2,990.0,True
CUST0601,South,36,169,7.0,0.2,946.4000000000001,False
CUST0602,Northeast,12,109,8.0,0.15,741.1999999999999,False
CUST0603,West,6,16,8.5,0.0,136.0,True
CUST0604,West,6,56,8.5,0.0,476.0,True
CUST0605,South,24,135,7.0,0.15,803.25,False
CUST0606,Northeast,12,73,8.0,0.05,554.8,True
CUST0607,West,12,74,8.5,0.05,597.55,True
CUST0608,Northeast,6,187,8.0,0.15,1271.6,False
CUST0609,South,6,13,7.0,0.0,91.0,True
CUST0610,Midwest,12,116,7.5,0.15,739.5,True
CUST0611,South,6,152,7.0,0.15,904.4,False
CUST0612,Midwest,6,131,7.5,0.15,835.125,False
CUST0613,West,6,122,8.5,0.15,881.4499999999999,True
CUST0614,South,24,135,7.0,0.15,803.25,False
CUST0615,West,6,174,8.5,0.15,1257.1499999999999,False
CUST0616,Northeast,12,118,8.0,0.15,802.4,False
CUST0617,Midwest,12,169,7.5,0.15,1077.375,False
CUST0618,Midwest,6,94,7.5,0.0,705.0,False
CUST0619,South,36,138,7.0,0.15,821.1,False
CUST0620,West,6,150,8.5,0.15,1083.75,False
CUST0621,Northeast,24,91,8.0,0.1,655.2,False
CUST0622,Northeast,36,28,8.0,0.1,201.6,True
CUST0623,Northeast,6,173,8.0,0.15,1176.3999999999999,False
CUST0624,South,36,100,7.0,0.1,630.0,False
CUST0625,West,12,158,8.5,0.15,1141.55,False
CUST0626,South,36,14,7.0,0.1,88.2,False
CUST0627,West,12,26,8.5,0.05,209.95,False
CUST0628,Midwest,36,117,7.5,0.15,745.875,False
CUST0629,Midwest,36,111,7.5,0.15,707.625,False
CUST0630,Midwest,36,160,7.5,0.2,960.0,False
CUST0631,Midwest,6,188,7.5,0.15,1198.5,False
CUST0632,South,12,101,7.0,0.15,600.9499999999999,False
CUST0633,Northeast,24,57,8.0,0.1,410.40000000000003,False
CUST0634,West,36,182,8.5,0.2,1237.6000000000001,False
CUST0635,South,24,47,7.0,0.1,296.1,False
CUST0636,Northeast,6,184,8.0,0.15,1251.2,True
CUST0637,West,12,102,8.5,0.15,736.9499999999999,True
CUST0638,South,12,147,7.0,0.15,874.65,False
CUST0639,Midwest,6,161,7.5,0.15,1026.375,False
CUST0640,Midwest,6,56,7.5,0.0,420.0,True
CUST0641,Northeast,36,145,8.0,0.15,986.0,False
CUST0642,West,6,136,8.5,0.15,982.6,True
CUST0643,South,6,43,7.0,0.0,301.0,True
CUST0644,West,36,167,8.5,0.2,1135.6000000000001,False
CUST0645,West,12,54,8.5,0.05,436.04999999999995,False
CUST0646,South,12,25,7.0,0.05,166.25,False
CUST0647,West,36,111,8.5,0.15,801.975,True
CUST0648,Midwest,12,22,7.5,0.05,156.75,False
CUST0649,South,36,129,7.0,0.15,767.55,False
CUST0650,South,12,62,7.0,0.05,412.29999999999995,True
CUST0651,Northeast,6,156,8.0,0.15,1060.8,True
CUST0652,Northeast,6,40,8.0,0.0,320.0,False
CUST0653,Midwest,36,63,7.5,0.1,425.25,True
CUST0654,West,12,23,8.5,0.05,185.725,False
CUST0655,South,12,39,7.0,0.05,259.34999999999997,False
CUST0656,Northeast,24,17,8.0,0.1,122.4,False
CUST0657,Midwest,36,107,7.5,0.15,682.125,False
CUST0658,Northeast,36,58,8.0,0.1,417.6,False
CUST0659,Midwest,6,96,7.5,0.0,720.0,False
CUST0660,West,6,143,8.5,0.15,1033.175,True
CUST0661,South,6,74,7.0,0.0,518.0,True
CUST0662,Northeast,24,171,8.0,0.2,1094.4,False
CUST0663,Northeast,24,186,8.0,0.2,1190.4,False
CUST0664,West,36,188,8.5,0.2,1278.4,False
CUST0665,Northeast,36,129,8.0,0.15,877.1999999999999,False
CUST0666,South,24,158,7.0,0.2,884.8000000000001,False
CUST0667,South,6,184,7.0,0.15,1094.8,False
CUST0668,Northeast,6,93,8.0,0.0,744.0,True
CUST0669,Northeast,12,57,8.0,0.05,433.2,True
CUST0670,West,6,108,8.5,0.15,780.3,False
CUST0671,West,6,133,8.5,0.15,960.925,False
CUST0672,Northeast,12,150,8.0,0.15,1020.0,False
CUST0673,Midwest,24,63,7.5,0.1,425.25,False
CUST0674,Northeast,36,118,8.0,0.15,802.4,True
CUST0675,South,36,79,7.0,0.1,497.7,False
CUST0676,Northeast,36,63,8.0,0.1,453.6,False
CUST0677,South,6,66,7.0,0.0,462.0,False
CUST0678,Midwest,12,62,7.5,0.05,441.75,True
CUST0679,Northeast,12,33,8.0,0.05,250.79999999999998,False
CUST0680,Northeast,36,151,8.0,0.2,966.4000000000001,False
CUST0681,Northeast,36,191,8.0,0.2,1222.4,False
CUST0682,Northeast,24,162,8.0,0.2,1036.8,False
CUST0683,West,24,165,8.5,0.2,1122.0,False
CUST0684,Northeast,36,101,8.0,0.15,686.8,False
CUST0685,West,36,162,8.5,0.2,1101.6000000000001,False
CUST0686,Midwest,24,66,7.5,0.1,445.5,False
CUST0687,South,24,169,7.0,0.2,946.4000000000001,False
CUST0688,Northeast,24,54,8.0,0.1,388.8,True
CUST0689,Northeast,6,107,8.0,0.15,727.6,False
CUST0690,Northeast,24,133,8.0,0.15,904.4,False
CUST0691,Northeast,24,142,8.0,0.15,965.6,False
CUST0692,West,12,84,8.5,0.05,678.3,True
CUST0693,Midwest,6,35,7.5,0.0,262.5,False
CUST0694,South,6,92,7.0,0.0,644.0,False
CUST0695,South,24,165,7.0,0.2,924.0,False
CUST0696,Northeast,6,184,8.0,0.15,1251.2,False
CUST0697,South,24,183,7.0,0.2,1024.8,True
CUST0698,Northeast,12,14,8.0,0.05,106.39999999999999,True
CUST0699,Northeast,12,175,8.0,0.15,1190.0,False
CUST0700,South,36,70,7.0,0.1,441.0,False
CUST0701,Midwest,12,55,7.5,0.05,391.875,False
CUST0702,Midwest,24,15,7.5,0.1,101.25,True
CUST0703,Northeast,6,84,8.0,0.0,672.0,False
CUST0704,South,24,165,7.0,0.2,924.0,False
CUST0705,West,36,193,8.5,0.2,1312.4,False
CUST0706,Midwest,12,85,7.5,0.05,605.625,False
CUST0707,South,12,127,7.0,0.15,755.65,True
CUST0708,Midwest,36,117,7.5,0.15,745.875,False
CUST0709,Northeast,12,17,8.0,0.05,129.2,False
CUST0710,West,24,103,8.5,0.15,744.175,True
CUST0711,West,12,95,8.5,0.05,767.125,False
CUST0712,West,6,174,8.5,0.15,1257.1499999999999,False
CUST0713,Midwest,24,185,7.5,0.2,1110.0,True
CUST0714,Northeast,24,130,8.0,0.15,884.0,True
CUST0715,West,6,191,8.5,0.15,1379.975,False
CUST0716,South,12,138,7.0,0.15,821.1,False
CUST0717,South,24,122,7.0,0.15,725.9,False
CUST0718,Midwest,12,26,7.5,0.05,185.25,False
CUST0719,South,12,77,7.0,0.05,512.05,False
CUST0720,Northeast,12,163,8.0,0.15,1108.3999999999999,True
CUST0721,Midwest,6,154,7.5,0.15,981.75,True
CUST0722,West,6,178,8.5,0.15,1286.05,False
CUST0723,South,6,108,7.0,0.15,642.6,False
CUST0724,South,24,118,7.0,0.15,702.1,False
CUST0725,West,6,158,8.5,0.15,1141.55,False
CUST0726,South,12,93,7.0,0.05,618.4499999999999,False
CUST0727,Northeast,36,156,8.0,0.2,998.4000000000001,False
CUST0728,Midwest,36,77,7.5,0.1,519.75,False
CUST0729,South,36,36,7.0,0.1,226.8,False
CUST0730,Northeast,36,33,8.0,0.1,237.6,False
CUST0731,Northeast,24,190,8.0,0.2,1216.0,False
CUST0732,South,6,78,7.0,0.0,546.0,False
CUST0733,Northeast,6,197,8.0,0.15,1339.6,False
CUST0734,Northeast,6,147,8.0,0.15,999.6,True
CUST0735,West,24,137,8.5,0.15,989.8249999999999,True
CUST0736,South,36,85,7.0,0.1,535.5,False
CUST0737,Northeast,6,96,8.0,0.0,768.0,False
CUST0738,Midwest,12,110,7.5,0.15,701.25,True
CUST0739,Midwest,36,132,7.5,0.15,841.5,False
CUST0740,West,24,25,8.5,0.1,191.25,False
CUST0741,Northeast,36,68,8.0,0.1,489.6,False
CUST0742,Midwest,12,41,7.5,0.05,292.125,False
CUST0743,South,36,19,7.0,0.1,119.7,False
CUST0744,Northeast,36,57,8.0,0.1,410.40000000000003,False
CUST0745,Midwest,6,74,7.5,0.0,555.0,False
CUST0746,South,36,90,7.0,0.1,567.0,False
CUST0747,Northeast,24,160,8.0,0.2,1024.0,True
CUST0748,Northeast,12,66,8.0,0.05,501.59999999999997,True
CUST0749,Northeast,12,15,8.0,0.05,114.0,False
CUST0750,Northeast,24,90,8.0,0.1,648.0,False
CUST0751,South,36,74,7.0,0.1,466.2,False
CUST0752,Midwest,24,109,7.5,0.15,694.875,False
CUST0753,South,24,125,7.0,0.15,743.75,True
CUST0754,Midwest,12,42,7.5,0.05,299.25,True
CUST0755,South,6,92,7.0,0.0,644.0,False
CUST0756,Northeast,6,177,8.0,0.15,1203.6,False
CUST0757,Midwest,36,22,7.5,0.1,148.5,False
CUST0758,Midwest,24,156,7.5,0.2,936.0,False
CUST0759,West,24,181,8.5,0.2,1230.8000000000002,False
CUST0760,West,12,124,8.5,0.15,895.9,False
CUST0761,South,24,123,7.0,0.15,731.85,False
CUST0762,South,24,81,7.0,0.1,510.3,False
CUST0763,South,6,36,7.0,0.0,252.0,False
CUST0764,Midwest,6,14,7.5,0.0,105.0,True
CUST0765,South,6,71,7.0,0.0,497.0,True
CUST0766,Northeast,24,132,8.0,0.15,897.6,False
CUST0767,Northeast,36,191,8.0,0.2,1222.4,False
CUST0768,South,12,156,7.0,0.15,928.1999999999999,False
CUST0769,West,12,72,8.5,0.05,581.4,False
CUST0770,Northeast,36,71,8.0,0.1,511.2,False
CUST0771,Northeast,36,71,8.0,0.1,511.2,False
CUST0772,Midwest,12,178,7.5,0.15,1134.75,True
CUST0773,South,12,107,7.0,0.15,636.65,False
CUST0774,West,12,133,8.5,0.15,960.925,True
CUST0775,South,24,166,7.0,0.2,929.6,False
CUST0776,West,24,50,8.5,0.1,382.5,False
CUST0777,South,12,167,7.0,0.15,993.65,False
CUST0778,Midwest,24,143,7.5,0.15,911.625,False
CUST0779,West,12,196,8.5,0.15,1416.1,False
CUST0780,West,12,166,8.5,0.15,1199.35,True
CUST0781,South,36,158,7.0,0.2,884.8000000000001,False
CUST0782,Midwest,36,107,7.5,0.15,682.125,False
CUST0783,Northeast,36,16,8.0,0.1,115.2,False
CUST0784,West,24,138,8.5,0.15,997.05,False
CUST0785,West,36,15,8.5,0.1,114.75,False
CUST0786,Northeast,12,123,8.0,0.15,836.4,False
CUST0787,Northeast,24,162,8.0,0.2,1036.8,False
CUST0788,South,36,102,7.0,0.15,606.9,False
CUST0789,West,6,52,8.5,0.0,442.0,False
CUST0790,Midwest,12,177,7.5,0.15,1128.375,True
CUST0791,West,24,72,8.5,0.1,550.8000000000001,False
CUST0792,Midwest,6,52,7.5,0.0,390.0,False
CUST0793,South,36,91,7.0,0.1,573.3000000000001,False
CUST0794,South,12,91,7.0,0.05,605.15,False
CUST0795,Northeast,36,183,8.0,0.2,1171.2,False
CUST0796,Midwest,6,129,7.5,0.15,822.375,True
CUST0797,South,6,48,7.0,0.0,336.0,True
CUST0798,West,6,191,8.5,0.15,1379.975,False
CUST0799,South,36,177,7.0,0.2,991.2,False
CUST0800,West,24,46,8.5,0.1,351.90000000000003,False
CUST0801,West,24,195,8.5,0.2,1326.0,True
CUST0802,West,12,144,8.5,0.15,1040.3999999999999,False
CUST0803,South,6,64,7.0,0.0,448.0,False
CUST0804,Midwest,12,130,7.5,0.15,828.75,True
CUST0805,Northeast,6,101,8.0,0.15,686.8,False
CUST0806,South,24,118,7.0,0.15,702.1,False
CUST0807,Northeast,36,149,8.0,0.15,1013.1999999999999,False
CUST0808,West,12,32,8.5,0.05,258.4,True
CUST0809,West,6,64,8.5,0.0,544.0,True
CUST0810,South,36,142,7.0,0.15,844.9,False
CUST0811,South,36,106,7.0,0.15,630.6999999999999,False
CUST0812,Northeast,6,15,8.0,0.0,120.0,True
CUST0813,Midwest,6,179,7.5,0.15,1141.125,False
CUST0814,West,24,167,8.5,0.2,1135.6000000000001,True
CUST0815,Northeast,24,150,8.0,0.15,1020.0,False
CUST0816,West,24,121,8.5,0.15,874.225,True
CUST0817,Northeast,12,135,8.0,0.15,918.0,True
CUST0818,Midwest,24,131,7.5,0.15,835.125,False
CUST0819,Northeast,12,37,8.0,0.05,281.2,True
CUST0820,South,24,56,7.0,0.1,352.8,False
CUST0821,West,36,81,8.5,0.1,619.65,False
CUST0822,Northeast,24,42,8.0,0.1,302.40000000000003,False
CUST0823,South,12,166,7.0,0.15,987.6999999999999,False
CUST0824,South,6,138,7.0,0.15,821.1,True
CUST0825,Northeast,6,73,8.0,0.0,584.0,False
CUST0826,South,36,97,7.0,0.1,611.1,False
CUST0827,Northeast,24,16,8.0,0.1,115.2,False
CUST0828,South,6,71,7.0,0.0,497.0,False
CUST0829,West,12,133,8.5,0.15,960.925,False
CUST0830,Midwest,36,82,7.5,0.1,553.5,False
CUST0831,West,6,117,8.5,0.15,845.3249999999999,False
CUST0832,Northeast,24,166,8.0,0.2,1062.4,False
CUST0833,South,24,190,7.0,0.2,1064.0,False
CUST0834,Northeast,36,155,8.0,0.2,992.0,True
CUST0835,Midwest,12,194,7.5,0.15,1236.75,False
CUST0836,South,36,125,7.0,0.15,743.75,False
CUST0837,Northeast,12,88,8.0,0.05,668.8,True
CUST0838,Northeast,24,76,8.0,0.1,547.2,False
CUST0839,South,24,71,7.0,0.1,447.3,False
CUST0840,West,36,84,8.5,0.1,642.6,True
CUST0841,South,12,71,7.0,0.05,472.15,False
CUST0842,Northeast,36,168,8.0,0.2,1075.2,False
CUST0843,Northeast,36,145,8.0,0.15,986.0,False
CUST0844,Midwest,6,121,7.5,0.15,771.375,False
CUST0845,Northeast,24,53,8.0,0.1,381.6,False
CUST0846,South,36,18,7.0,0.1,113.4,False
CUST0847,West,24,140,8.5,0.15,1011.5,False
CUST0848,Midwest,36,71,7.5,0.1,479.25,False
CUST0849,Midwest,36,17,7.5,0.1,114.75,False
CUST0850,Northeast,36,196,8.0,0.2,1254.4,False
CUST0851,Midwest,12,187,7.5,0.15,1192.125,False
CUST0852,Midwest,24,155,7.5,0.2,930.0,False
CUST0853,Northeast,24,175,8.0,0.2,1120.0,False
CUST0854,Northeast,6,182,8.0,0.15,1237.6,True
CUST0855,South,36,144,7.0,0.15,856.8,False
CUST0856,South,6,141,7.0,0.15,838.9499999999999,False
CUST0857,Midwest,6,93,7.5,0.0,697.5,True
CUST0858,West,36,10,8.5,0.1,76.5,False
CUST0859,West,24,88,8.5,0.1,673.2,False
CUST0860,West,12,187,8.5,0.15,1351.075,True
CUST0861,West,36,166,8.5,0.2,1128.8,False
CUST0862,Northeast,12,155,8.0,0.15,1054.0,False
CUST0863,West,12,185,8.5,0.15,1336.625,False
CUST0864,West,24,198,8.5,0.2,1346.4,False
CUST0865,Northeast,24,172,8.0,0.2,1100.8,False
CUST0866,West,6,22,8.5,0.0,187.0,False
CUST0867,South,36,57,7.0,0.1,359.1,False
CUST0868,Midwest,12,168,7.5,0.15,1071.0,False
CUST0869,West,24,195,8.5,0.2,1326.0,False
CUST0870,West,6,94,8.5,0.0,799.0,True
CUST0871,Northeast,24,28,8.0,0.1,201.6,False
CUST0872,Midwest,6,180,7.5,0.15,1147.5,False
CUST0873,South,12,192,7.0,0.15,1142.3999999999999,False
CUST0874,South,24,142,7.0,0.15,844.9,False
CUST0875,Northeast,12,41,8.0,0.05,311.59999999999997,False
CUST0876,Midwest,24,64,7.5,0.1,432.0,True
CUST0877,South,24,98,7.0,0.1,617.4,False
CUST0878,Midwest,12,92,7.5,0.05,655.5,False
CUST0879,West,36,159,8.5,0.2,1081.2,False
CUST0880,South,6,102,7.0,0.15,606.9,False
CUST0881,West,12,175,8.5,0.15,1264.375,False
CUST0882,West,12,103,8.5,0.15,744.175,False
CUST0883,Midwest,36,191,7.5,0.2,1146.0,False
CUST0884,West,36,177,8.5,0.2,1203.6000000000001,True
CUST0885,Midwest,12,137,7.5,0.15,873.375,False
CUST0886,South,36,183,7.0,0.2,1024.8,False
CUST0887,South,36,185,7.0,0.2,1036.0,False
CUST0888,South,36,82,7.0,0.1,516.6,False
CUST0889,West,24,104,8.5,0.15,751.4,False
CUST0890,Midwest,36,133,7.5,0.15,847.875,False
CUST0891,South,12,20,7.0,0.05,133.0,False
CUST0892,South,36,67,7.0,0.1,422.1,False
CUST0893,Midwest,36,61,7.5,0.1,411.75,False
CUST0894,West,24,46,8.5,0.1,351.90000000000003,False
CUST0895,Midwest,36,145,7.5,0.15,924.375,False
CUST0896,West,36,147,8.5,0.15,1062.075,False
CUST0897,West,36,110,8.5,0.15,794.75,False
CUST0898,West,24,91,8.5,0.1,696.15,True
CUST0899,South,12,139,7.0,0.15,827.05,False
CUST0900,South,36,55,7.0,0.1,346.5,False
CUST0901,West,36,161,8.5,0.2,1094.8,False
CUST0902,West,36,199,8.5,0.2,1353.2,False
CUST0903,Midwest,6,192,7.5,0.15,1224.0,True
CUST0904,West,12,18,8.5,0.05,145.35,False
CUST0905,West,36,154,8.5,0.2,1047.2,False
CUST0906,South,24,72,7.0,0.1,453.6,False
CUST0907,West,36,91,8.5,0.1,696.15,False
CUST0908,Northeast,24,85,8.0,0.1,612.0,False
CUST0909,South,36,27,7.0,0.1,170.1,True
CUST0910,South,36,196,7.0,0.2,1097.6000000000001,False
CUST0911,Northeast,6,143,8.0,0.15,972.4,False
CUST0912,Northeast,36,99,8.0,0.1,712.8000000000001,False
CUST0913,West,6,86,8.5,0.0,731.0,False
CUST0914,Midwest,24,175,7.5,0.2,1050.0,False
CUST0915,South,6,159,7.0,0.15,946.05,False
CUST0916,Midwest,36,81,7.5,0.1,546.75,False
CUST0917,Midwest,24,196,7.5,0.2,1176.0,False
CUST0918,South,24,102,7.0,0.15,606.9,False
CUST0919,Northeast,24,93,8.0,0.1,669.6,True
CUST0920,Midwest,36,22,7.5,0.1,148.5,True
CUST0921,West,6,90,8.5,0.0,765.0,True
CUST0922,Northeast,6,152,8.0,0.15,1033.6,True
CUST0923,South,6,32,7.0,0.0,224.0,True
CUST0924,West,24,120,8.5,0.15,867.0,False
CUST0925,Northeast,6,25,8.0,0.0,200.0,False
CUST0926,Midwest,12,154,7.5,0.15,981.75,False
CUST0927,Midwest,12,91,7.5,0.05,648.375,True
CUST0928,Northeast,12,158,8.0,0.15,1074.3999999999999,True
CUST0929,South,6,189,7.0,0.15,1124.55,False
CUST0930,South,6,137,7.0,0.15,815.15,False
CUST0931,Midwest,24,10,7.5,0.1,67.5,False
CUST0932,South,12,18,7.0,0.05,119.69999999999999,False
CUST0933,Northeast,6,145,8.0,0.15,986.0,False
CUST0934,Midwest,36,74,7.5,0.1,499.5,True
CUST0935,South,24,104,7.0,0.15,618.8,False
CUST0936,West,12,94,8.5,0.05,759.05,False
CUST0937,South,12,186,7.0,0.15,1106.7,False
CUST0938,South,36,58,7.0,0.1,365.40000000000003,True
CUST0939,South,36,26,7.0,0.1,163.8,False
CUST0940,West,12,37,8.5,0.05,298.775,True
CUST0941,South,36,67,7.0,0.1,422.1,False
CUST0942,Midwest,36,114,7.5,0.15,726.75,False
CUST0943,West,24,113,8.5,0.15,816.425,False
CUST0944,West,6,179,8.5,0.15,1293.2749999999999,False
CUST0945,West,36,123,8.5,0.15,888.675,False
CUST0946,West,24,146,8.5,0.15,1054.85,False
CUST0947,South,12,34,7.0,0.05,226.1,False
CUST0948,South,12,161,7.0,0.15,957.9499999999999,False
CUST0949,West,36,19,8.5,0.1,145.35,True
CUST0950,West,6,195,8.5,0.15,1408.875,True
CUST0951,South,12,104,7.0,0.15,618.8,False
CUST0952,West,24,141,8.5,0.15,1018.725,True
CUST0953,Northeast,12,167,8.0,0.15,1135.6,False
CUST0954,Northeast,6,93,8.0,0.0,744.0,True
CUST0955,South,12,119,7.0,0.15,708.05,False
CUST0956,Midwest,6,30,7.5,0.0,225.0,False
CUST0957,South,36,117,7.0,0.15,696.15,False
CUST0958,West,24,27,8.5,0.1,206.55,False
CUST0959,Midwest,6,189,7.5,0.15,1204.875,True
CUST0960,South,24,70,7.0,0.1,441.0,True
CUST0961,Northeast,36,196,8.0,0.2,1254.4,False
CUST0962,Northeast,6,82,8.0,0.0,656.0,False
CUST0963,South,12,20,7.0,0.05,133.0,False
CUST0964,West,24,99,8.5,0.1,757.35,False
CUST0965,Northeast,12,131,8.0,0.15,890.8,False
CUST0966,South,24,195,7.0,0.2,1092.0,True
CUST0967,West,6,85,8.5,0.0,722.5,False
CUST0968,Midwest,36,110,7.5,0.15,701.25,False
CUST0969,Midwest,12,158,7.5,0.15,1007.25,False
CUST0970,Midwest,12,108,7.5,0.15,688.5,False
CUST0971,Northeast,12,99,8.0,0.05,752.4,True
CUST0972,Midwest,6,87,7.5,0.0,652.5,True
CUST0973,West,6,152,8.5,0.15,1098.2,False
CUST0974,South,6,168,7.0,0.15,999.6,True
CUST0975,Midwest,12,58,7.5,0.05,413.25,False
CUST0976,Midwest,12,56,7.5,0.05,399.0,True
CUST0977,West,12,155,8.5,0.15,1119.875,False
CUST0978,Northeast,12,22,8.0,0.05,167.2,False
CUST0979,South,24,172,7.0,0.2,963.2,True
CUST0980,South,36,109,7.0,0.15,648.55,True
CUST0981,West,6,134,8.5,0.15,968.15,False
CUST0982,South,12,74,7.0,0.05,492.09999999999997,False
CUST0983,West,12,174,8.5,0.15,1257.1499999999999,True
CUST0984,South,12,77,7.0,0.05,512.05,False
CUST0985,West,6,99,8.5,0.0,841.5,True
CUST0986,Northeast,12,40,8.0,0.05,304.0,False
CUST0987,South,6,54,7.0,0.0,378.0,False
CUST0988,South,36,117,7.0,0.15,696.15,False
CUST0989,South,12,155,7.0,0.15,922.25,True
CUST0990,Northeast,6,176,8.0,0.15,1196.8,True
CUST0991,Northeast,12,143,8.0,0.15,972.4,False
CUST0992,Northeast,12,117,8.0,0.15,795.6,True
CUST0993,Midwest,24,177,7.5,0.2,1062.0,False
CUST0994,Northeast,6,15,8.0,0.0,120.0,True
CUST0995,South,24,154,7.0,0.2,862.4000000000001,False
CUST0996,South,36,90,7.0,0.1,567.0,False
CUST0997,Midwest,24,31,7.5,0.1,209.25,True
CUST0998,Midwest,36,20,7.5,0.1,135.0,False
CUST0999,West,24,23,8.5,0.1,175.95000000000002,False
